Ano Censo;Categoria Administrativa;Sub Categoria Administrativa;Id Categoria Administrativa;Número de Matrículas;Número de Concluintes;Grau Acadêmico;Modalidade Ensino;Organização Acadêmica
2017;PÚBLICA;FEDERAL;1;25156;56;-;PRESENCIAL;UNIVERSIDADES
2017;PÚBLICA;FEDERAL;1;215;0;-;PRESENCIAL;FACULDADES
2017;PÚBLICA;FEDERAL;1;380;0;-;PRESENCIAL;IFs e CEFETs
2017;PÚBLICA;FEDERAL;1;759901;95890;BACHARELADO;PRESENCIAL;UNIVERSIDADES
2017;PÚBLICA;FEDERAL;1;2901;376;BACHARELADO;PRESENCIAL;FACULDADES
2017;PÚBLICA;FEDERAL;1;66926;4492;BACHARELADO;PRESENCIAL;IFs e CEFETs
2017;PÚBLICA;FEDERAL;1;22554;2293;BACHARELADO;CURSO A DISTÂNCIA;UNIVERSIDADES
2017;PÚBLICA;FEDERAL;1;1496;27;BACHARELADO;CURSO A DISTÂNCIA;IFs e CEFETs
2017;PÚBLICA;FEDERAL;1;234581;30381;LICENCIATURA;PRESENCIAL;UNIVERSIDADES
2017;PÚBLICA;FEDERAL;1;246;44;LICENCIATURA;PRESENCIAL;FACULDADES
2017;PÚBLICA;FEDERAL;1;48062;4231;LICENCIATURA;PRESENCIAL;IFs e CEFETs
2017;PÚBLICA;FEDERAL;1;60586;4691;LICENCIATURA;CURSO A DISTÂNCIA;UNIVERSIDADES
2017;PÚBLICA;FEDERAL;1;6966;480;LICENCIATURA;CURSO A DISTÂNCIA;IFs e CEFETs
2017;PÚBLICA;FEDERAL;1;13121;1901;TECNOLÓGICO;PRESENCIAL;UNIVERSIDADES
2017;PÚBLICA;FEDERAL;1;53588;5455;TECNOLÓGICO;PRESENCIAL;IFs e CEFETs
2017;PÚBLICA;FEDERAL;1;5026;814;TECNOLÓGICO;CURSO A DISTÂNCIA;UNIVERSIDADES
2017;PÚBLICA;FEDERAL;1;4767;301;TECNOLÓGICO;CURSO A DISTÂNCIA;IFs e CEFETs
2017;PÚBLICA;ESTADUAL;2;10068;114;-;PRESENCIAL;UNIVERSIDADES
2017;PÚBLICA;ESTADUAL;2;2265;569;-;CURSO A DISTÂNCIA;UNIVERSIDADES
2017;PÚBLICA;ESTADUAL;2;296711;39605;BACHARELADO;PRESENCIAL;UNIVERSIDADES
2017;PÚBLICA;ESTADUAL;2;720;60;BACHARELADO;PRESENCIAL;CENTROS UNIVERSITÁRIOS
2017;PÚBLICA;ESTADUAL;2;2327;339;BACHARELADO;PRESENCIAL;FACULDADES
2017;PÚBLICA;ESTADUAL;2;13648;559;BACHARELADO;CURSO A DISTÂNCIA;UNIVERSIDADES
2017;PÚBLICA;ESTADUAL;2;190018;27098;LICENCIATURA;PRESENCIAL;UNIVERSIDADES
2017;PÚBLICA;ESTADUAL;2;2856;413;LICENCIATURA;PRESENCIAL;FACULDADES
2017;PÚBLICA;ESTADUAL;2;41279;3727;LICENCIATURA;CURSO A DISTÂNCIA;UNIVERSIDADES
2017;PÚBLICA;ESTADUAL;2;10164;2487;TECNOLÓGICO;PRESENCIAL;UNIVERSIDADES
2017;PÚBLICA;ESTADUAL;2;356;29;TECNOLÓGICO;PRESENCIAL;CENTROS UNIVERSITÁRIOS
2017;PÚBLICA;ESTADUAL;2;66715;9115;TECNOLÓGICO;PRESENCIAL;FACULDADES
2017;PÚBLICA;ESTADUAL;2;2068;205;TECNOLÓGICO;CURSO A DISTÂNCIA;UNIVERSIDADES
2017;PÚBLICA;ESTADUAL;2;5255;314;TECNOLÓGICO;CURSO A DISTÂNCIA;FACULDADES
2017;PÚBLICA;MUNICIPAL;3;24;20;-;PRESENCIAL;FACULDADES
2017;PÚBLICA;MUNICIPAL;3;29389;4495;BACHARELADO;PRESENCIAL;UNIVERSIDADES
2017;PÚBLICA;MUNICIPAL;3;15817;2402;BACHARELADO;PRESENCIAL;CENTROS UNIVERSITÁRIOS
2017;PÚBLICA;MUNICIPAL;3;31647;5071;BACHARELADO;PRESENCIAL;FACULDADES
2017;PÚBLICA;MUNICIPAL;3;438;153;BACHARELADO;CURSO A DISTÂNCIA;UNIVERSIDADES
2017;PÚBLICA;MUNICIPAL;3;3134;621;LICENCIATURA;PRESENCIAL;UNIVERSIDADES
2017;PÚBLICA;MUNICIPAL;3;1535;339;LICENCIATURA;PRESENCIAL;CENTROS UNIVERSITÁRIOS
2017;PÚBLICA;MUNICIPAL;3;11262;2668;LICENCIATURA;PRESENCIAL;FACULDADES
2017;PÚBLICA;MUNICIPAL;3;1314;151;LICENCIATURA;CURSO A DISTÂNCIA;UNIVERSIDADES
2017;PÚBLICA;MUNICIPAL;3;1220;326;TECNOLÓGICO;PRESENCIAL;UNIVERSIDADES
2017;PÚBLICA;MUNICIPAL;3;284;36;TECNOLÓGICO;PRESENCIAL;CENTROS UNIVERSITÁRIOS
2017;PÚBLICA;MUNICIPAL;3;925;187;TECNOLÓGICO;PRESENCIAL;FACULDADES
2017;PÚBLICA;MUNICIPAL;3;175;17;TECNOLÓGICO;CURSO A DISTÂNCIA;UNIVERSIDADES
2017;PRIVADA;PRIVADA;4;1074;498;-;PRESENCIAL;UNIVERSIDADES
2017;PRIVADA;PRIVADA;4;120;5;-;PRESENCIAL;CENTROS UNIVERSITÁRIOS
2017;PRIVADA;PRIVADA;4;526;111;-;PRESENCIAL;FACULDADES
2017;PRIVADA;PRIVADA;4;3;3;-;CURSO A DISTÂNCIA;UNIVERSIDADES
2017;PRIVADA;PRIVADA;4;1441801;198085;BACHARELADO;PRESENCIAL;UNIVERSIDADES
2017;PRIVADA;PRIVADA;4;916928;127605;BACHARELADO;PRESENCIAL;CENTROS UNIVERSITÁRIOS
2017;PRIVADA;PRIVADA;4;1548123;208656;BACHARELADO;PRESENCIAL;FACULDADES
2017;PRIVADA;PRIVADA;4;367805;48557;BACHARELADO;CURSO A DISTÂNCIA;UNIVERSIDADES
2017;PRIVADA;PRIVADA;4;131680;9992;BACHARELADO;CURSO A DISTÂNCIA;CENTROS UNIVERSITÁRIOS
2017;PRIVADA;PRIVADA;4;11539;1057;BACHARELADO;CURSO A DISTÂNCIA;FACULDADES
2017;PRIVADA;PRIVADA;4;109780;22992;LICENCIATURA;PRESENCIAL;UNIVERSIDADES
2017;PRIVADA;PRIVADA;4;67091;15171;LICENCIATURA;PRESENCIAL;CENTROS UNIVERSITÁRIOS
2017;PRIVADA;PRIVADA;4;177407;41300;LICENCIATURA;PRESENCIAL;FACULDADES
2017;PRIVADA;PRIVADA;4;410782;71328;LICENCIATURA;CURSO A DISTÂNCIA;UNIVERSIDADES
2017;PRIVADA;PRIVADA;4;191718;23001;LICENCIATURA;CURSO A DISTÂNCIA;CENTROS UNIVERSITÁRIOS
2017;PRIVADA;PRIVADA;4;30823;4420;LICENCIATURA;CURSO A DISTÂNCIA;FACULDADES
2017;PRIVADA;PRIVADA;4;125109;31730;TECNOLÓGICO;PRESENCIAL;UNIVERSIDADES
2017;PRIVADA;PRIVADA;4;100303;25445;TECNOLÓGICO;PRESENCIAL;CENTROS UNIVERSITÁRIOS
2017;PRIVADA;PRIVADA;4;163150;38561;TECNOLÓGICO;PRESENCIAL;FACULDADES
2017;PRIVADA;PRIVADA;4;264431;48744;TECNOLÓGICO;CURSO A DISTÂNCIA;UNIVERSIDADES
2017;PRIVADA;PRIVADA;4;167826;29073;TECNOLÓGICO;CURSO A DISTÂNCIA;CENTROS UNIVERSITÁRIOS
2017;PRIVADA;PRIVADA;4;14806;2259;TECNOLÓGICO;CURSO A DISTÂNCIA;FACULDADES
2016;PÚBLICA;FEDERAL;1;23638;24;-;PRESENCIAL;UNIVERSIDADES
2016;PÚBLICA;FEDERAL;1;197;0;-;PRESENCIAL;FACULDADES
2016;PÚBLICA;FEDERAL;1;340;0;-;PRESENCIAL;IFs e CEFETs
2016;PÚBLICA;FEDERAL;1;746068;90648;BACHARELADO;PRESENCIAL;UNIVERSIDADES
2016;PÚBLICA;FEDERAL;1;1262;220;BACHARELADO;PRESENCIAL;FACULDADES
2016;PÚBLICA;FEDERAL;1;58717;3828;BACHARELADO;PRESENCIAL;IFs e CEFETs
2016;PÚBLICA;FEDERAL;1;16995;1531;BACHARELADO;CURSO A DISTÂNCIA;UNIVERSIDADES
2016;PÚBLICA;FEDERAL;1;253;0;BACHARELADO;CURSO A DISTÂNCIA;IFs e CEFETs
2016;PÚBLICA;FEDERAL;1;235003;31185;LICENCIATURA;PRESENCIAL;UNIVERSIDADES
2016;PÚBLICA;FEDERAL;1;223;25;LICENCIATURA;PRESENCIAL;FACULDADES
2016;PÚBLICA;FEDERAL;1;44727;3718;LICENCIATURA;PRESENCIAL;IFs e CEFETs
2016;PÚBLICA;FEDERAL;1;42867;6814;LICENCIATURA;CURSO A DISTÂNCIA;UNIVERSIDADES
2016;PÚBLICA;FEDERAL;1;5212;525;LICENCIATURA;CURSO A DISTÂNCIA;IFs e CEFETs
2016;PÚBLICA;FEDERAL;1;13605;2056;TECNOLÓGICO;PRESENCIAL;UNIVERSIDADES
2016;PÚBLICA;FEDERAL;1;51999;4918;TECNOLÓGICO;PRESENCIAL;IFs e CEFETs
2016;PÚBLICA;FEDERAL;1;5003;411;TECNOLÓGICO;CURSO A DISTÂNCIA;UNIVERSIDADES
2016;PÚBLICA;FEDERAL;1;3344;488;TECNOLÓGICO;CURSO A DISTÂNCIA;IFs e CEFETs
2016;PÚBLICA;ESTADUAL;2;8213;69;-;PRESENCIAL;UNIVERSIDADES
2016;PÚBLICA;ESTADUAL;2;293338;37044;BACHARELADO;PRESENCIAL;UNIVERSIDADES
2016;PÚBLICA;ESTADUAL;2;845;24;BACHARELADO;PRESENCIAL;CENTROS UNIVERSITÁRIOS
2016;PÚBLICA;ESTADUAL;2;2408;338;BACHARELADO;PRESENCIAL;FACULDADES
2016;PÚBLICA;ESTADUAL;2;9399;1907;BACHARELADO;CURSO A DISTÂNCIA;UNIVERSIDADES
2016;PÚBLICA;ESTADUAL;2;194676;27630;LICENCIATURA;PRESENCIAL;UNIVERSIDADES
2016;PÚBLICA;ESTADUAL;2;3352;846;LICENCIATURA;PRESENCIAL;FACULDADES
2016;PÚBLICA;ESTADUAL;2;31753;3042;LICENCIATURA;CURSO A DISTÂNCIA;UNIVERSIDADES
2016;PÚBLICA;ESTADUAL;2;9847;1383;TECNOLÓGICO;PRESENCIAL;UNIVERSIDADES
2016;PÚBLICA;ESTADUAL;2;693;37;TECNOLÓGICO;PRESENCIAL;CENTROS UNIVERSITÁRIOS
2016;PÚBLICA;ESTADUAL;2;64859;8991;TECNOLÓGICO;PRESENCIAL;FACULDADES
2016;PÚBLICA;ESTADUAL;2;219;37;TECNOLÓGICO;CURSO A DISTÂNCIA;UNIVERSIDADES
2016;PÚBLICA;ESTADUAL;2;4108;0;TECNOLÓGICO;CURSO A DISTÂNCIA;FACULDADES
2016;PÚBLICA;MUNICIPAL;3;27;1;-;PRESENCIAL;FACULDADES
2016;PÚBLICA;MUNICIPAL;3;39637;5892;BACHARELADO;PRESENCIAL;UNIVERSIDADES
2016;PÚBLICA;MUNICIPAL;3;18731;2685;BACHARELADO;PRESENCIAL;CENTROS UNIVERSITÁRIOS
2016;PÚBLICA;MUNICIPAL;3;33437;4763;BACHARELADO;PRESENCIAL;FACULDADES
2016;PÚBLICA;MUNICIPAL;3;879;130;BACHARELADO;CURSO A DISTÂNCIA;UNIVERSIDADES
2016;PÚBLICA;MUNICIPAL;3;4656;948;LICENCIATURA;PRESENCIAL;UNIVERSIDADES
2016;PÚBLICA;MUNICIPAL;3;2012;482;LICENCIATURA;PRESENCIAL;CENTROS UNIVERSITÁRIOS
2016;PÚBLICA;MUNICIPAL;3;12584;3107;LICENCIATURA;PRESENCIAL;FACULDADES
2016;PÚBLICA;MUNICIPAL;3;2049;196;LICENCIATURA;CURSO A DISTÂNCIA;UNIVERSIDADES
2016;PÚBLICA;MUNICIPAL;3;1507;542;TECNOLÓGICO;PRESENCIAL;UNIVERSIDADES
2016;PÚBLICA;MUNICIPAL;3;427;79;TECNOLÓGICO;PRESENCIAL;CENTROS UNIVERSITÁRIOS
2016;PÚBLICA;MUNICIPAL;3;869;183;TECNOLÓGICO;PRESENCIAL;FACULDADES
2016;PÚBLICA;MUNICIPAL;3;520;222;TECNOLÓGICO;CURSO A DISTÂNCIA;UNIVERSIDADES
2016;PRIVADA;PRIVADA;4;2421;1085;-;PRESENCIAL;UNIVERSIDADES
2016;PRIVADA;PRIVADA;4;287;105;-;PRESENCIAL;CENTROS UNIVERSITÁRIOS
2016;PRIVADA;PRIVADA;4;663;226;-;PRESENCIAL;FACULDADES
2016;PRIVADA;PRIVADA;4;9;1;-;CURSO A DISTÂNCIA;UNIVERSIDADES
2016;PRIVADA;PRIVADA;4;1436478;190691;BACHARELADO;PRESENCIAL;UNIVERSIDADES
2016;PRIVADA;PRIVADA;4;854590;108000;BACHARELADO;PRESENCIAL;CENTROS UNIVERSITÁRIOS
2016;PRIVADA;PRIVADA;4;1598435;211910;BACHARELADO;PRESENCIAL;FACULDADES
2016;PRIVADA;PRIVADA;4;339927;46909;BACHARELADO;CURSO A DISTÂNCIA;UNIVERSIDADES
2016;PRIVADA;PRIVADA;4;89902;8547;BACHARELADO;CURSO A DISTÂNCIA;CENTROS UNIVERSITÁRIOS
2016;PRIVADA;PRIVADA;4;8435;420;BACHARELADO;CURSO A DISTÂNCIA;FACULDADES
2016;PRIVADA;PRIVADA;4;116857;23811;LICENCIATURA;PRESENCIAL;UNIVERSIDADES
2016;PRIVADA;PRIVADA;4;69722;13130;LICENCIATURA;PRESENCIAL;CENTROS UNIVERSITÁRIOS
2016;PRIVADA;PRIVADA;4;196355;44164;LICENCIATURA;PRESENCIAL;FACULDADES
2016;PRIVADA;PRIVADA;4;382485;56940;LICENCIATURA;CURSO A DISTÂNCIA;UNIVERSIDADES
2016;PRIVADA;PRIVADA;4;150234;18988;LICENCIATURA;CURSO A DISTÂNCIA;CENTROS UNIVERSITÁRIOS
2016;PRIVADA;PRIVADA;4;25727;3368;LICENCIATURA;CURSO A DISTÂNCIA;FACULDADES
2016;PRIVADA;PRIVADA;4;133153;38023;TECNOLÓGICO;PRESENCIAL;UNIVERSIDADES
2016;PRIVADA;PRIVADA;4;96789;29043;TECNOLÓGICO;PRESENCIAL;CENTROS UNIVERSITÁRIOS
2016;PRIVADA;PRIVADA;4;184180;48388;TECNOLÓGICO;PRESENCIAL;FACULDADES
2016;PRIVADA;PRIVADA;4;233546;51845;TECNOLÓGICO;CURSO A DISTÂNCIA;UNIVERSIDADES
2016;PRIVADA;PRIVADA;4;131122;27397;TECNOLÓGICO;CURSO A DISTÂNCIA;CENTROS UNIVERSITÁRIOS
2016;PRIVADA;PRIVADA;4;10439;1000;TECNOLÓGICO;CURSO A DISTÂNCIA;FACULDADES
2015;PÚBLICA;FEDERAL;1;21759;16;-;PRESENCIAL;UNIVERSIDADES
2015;PÚBLICA;FEDERAL;1;188;0;-;PRESENCIAL;FACULDADES
2015;PÚBLICA;FEDERAL;1;238;0;-;PRESENCIAL;IFs e CEFETs
2015;PÚBLICA;FEDERAL;1;732121;82610;BACHARELADO;PRESENCIAL;UNIVERSIDADES
2015;PÚBLICA;FEDERAL;1;1248;226;BACHARELADO;PRESENCIAL;FACULDADES
2015;PÚBLICA;FEDERAL;1;48956;2914;BACHARELADO;PRESENCIAL;IFs e CEFETs
2015;PÚBLICA;FEDERAL;1;17701;1766;BACHARELADO;CURSO A DISTÂNCIA;UNIVERSIDADES
2015;PÚBLICA;FEDERAL;1;391;13;BACHARELADO;CURSO A DISTÂNCIA;IFs e CEFETs
2015;PÚBLICA;FEDERAL;1;228232;28023;LICENCIATURA;PRESENCIAL;UNIVERSIDADES
2015;PÚBLICA;FEDERAL;1;222;31;LICENCIATURA;PRESENCIAL;FACULDADES
2015;PÚBLICA;FEDERAL;1;39951;4072;LICENCIATURA;PRESENCIAL;IFs e CEFETs
2015;PÚBLICA;FEDERAL;1;49701;6694;LICENCIATURA;CURSO A DISTÂNCIA;UNIVERSIDADES
2015;PÚBLICA;FEDERAL;1;5189;571;LICENCIATURA;CURSO A DISTÂNCIA;IFs e CEFETs
2015;PÚBLICA;FEDERAL;1;14055;2034;TECNOLÓGICO;PRESENCIAL;UNIVERSIDADES
2015;PÚBLICA;FEDERAL;1;46326;4691;TECNOLÓGICO;PRESENCIAL;IFs e CEFETs
2015;PÚBLICA;FEDERAL;1;4656;477;TECNOLÓGICO;CURSO A DISTÂNCIA;UNIVERSIDADES
2015;PÚBLICA;FEDERAL;1;3825;325;TECNOLÓGICO;CURSO A DISTÂNCIA;IFs e CEFETs
2015;PÚBLICA;ESTADUAL;2;7089;101;-;PRESENCIAL;UNIVERSIDADES
2015;PÚBLICA;ESTADUAL;2;288595;39047;BACHARELADO;PRESENCIAL;UNIVERSIDADES
2015;PÚBLICA;ESTADUAL;2;856;77;BACHARELADO;PRESENCIAL;CENTROS UNIVERSITÁRIOS
2015;PÚBLICA;ESTADUAL;2;2450;450;BACHARELADO;PRESENCIAL;FACULDADES
2015;PÚBLICA;ESTADUAL;2;9972;1310;BACHARELADO;CURSO A DISTÂNCIA;UNIVERSIDADES
2015;PÚBLICA;ESTADUAL;2;198397;30218;LICENCIATURA;PRESENCIAL;UNIVERSIDADES
2015;PÚBLICA;ESTADUAL;2;3342;475;LICENCIATURA;PRESENCIAL;FACULDADES
2015;PÚBLICA;ESTADUAL;2;31483;4237;LICENCIATURA;CURSO A DISTÂNCIA;UNIVERSIDADES
2015;PÚBLICA;ESTADUAL;2;10013;1516;TECNOLÓGICO;PRESENCIAL;UNIVERSIDADES
2015;PÚBLICA;ESTADUAL;2;714;41;TECNOLÓGICO;PRESENCIAL;CENTROS UNIVERSITÁRIOS
2015;PÚBLICA;ESTADUAL;2;63439;9398;TECNOLÓGICO;PRESENCIAL;FACULDADES
2015;PÚBLICA;ESTADUAL;2;186;0;TECNOLÓGICO;CURSO A DISTÂNCIA;UNIVERSIDADES
2015;PÚBLICA;ESTADUAL;2;2347;1;TECNOLÓGICO;CURSO A DISTÂNCIA;FACULDADES
2015;PÚBLICA;MUNICIPAL;3;19;0;-;PRESENCIAL;UNIVERSIDADES
2015;PÚBLICA;MUNICIPAL;3;66;38;-;PRESENCIAL;FACULDADES
2015;PÚBLICA;MUNICIPAL;3;40212;5645;BACHARELADO;PRESENCIAL;UNIVERSIDADES
2015;PÚBLICA;MUNICIPAL;3;15510;2501;BACHARELADO;PRESENCIAL;CENTROS UNIVERSITÁRIOS
2015;PÚBLICA;MUNICIPAL;3;36293;4850;BACHARELADO;PRESENCIAL;FACULDADES
2015;PÚBLICA;MUNICIPAL;3;715;17;BACHARELADO;CURSO A DISTÂNCIA;UNIVERSIDADES
2015;PÚBLICA;MUNICIPAL;3;4695;813;LICENCIATURA;PRESENCIAL;UNIVERSIDADES
2015;PÚBLICA;MUNICIPAL;3;1486;260;LICENCIATURA;PRESENCIAL;CENTROS UNIVERSITÁRIOS
2015;PÚBLICA;MUNICIPAL;3;14710;3383;LICENCIATURA;PRESENCIAL;FACULDADES
2015;PÚBLICA;MUNICIPAL;3;1589;164;LICENCIATURA;CURSO A DISTÂNCIA;UNIVERSIDADES
2015;PÚBLICA;MUNICIPAL;3;1768;670;TECNOLÓGICO;PRESENCIAL;UNIVERSIDADES
2015;PÚBLICA;MUNICIPAL;3;278;45;TECNOLÓGICO;PRESENCIAL;CENTROS UNIVERSITÁRIOS
2015;PÚBLICA;MUNICIPAL;3;964;206;TECNOLÓGICO;PRESENCIAL;FACULDADES
2015;PÚBLICA;MUNICIPAL;3;638;125;TECNOLÓGICO;CURSO A DISTÂNCIA;UNIVERSIDADES
2015;PRIVADA;PRIVADA;4;3938;1380;-;PRESENCIAL;UNIVERSIDADES
2015;PRIVADA;PRIVADA;4;759;349;-;PRESENCIAL;CENTROS UNIVERSITÁRIOS
2015;PRIVADA;PRIVADA;4;1267;488;-;PRESENCIAL;FACULDADES
2015;PRIVADA;PRIVADA;4;28;19;-;CURSO A DISTÂNCIA;UNIVERSIDADES
2015;PRIVADA;PRIVADA;4;1451600;178094;BACHARELADO;PRESENCIAL;UNIVERSIDADES
2015;PRIVADA;PRIVADA;4;810744;97777;BACHARELADO;PRESENCIAL;CENTROS UNIVERSITÁRIOS
2015;PRIVADA;PRIVADA;4;1651488;206322;BACHARELADO;PRESENCIAL;FACULDADES
2015;PRIVADA;PRIVADA;4;323009;47634;BACHARELADO;CURSO A DISTÂNCIA;UNIVERSIDADES
2015;PRIVADA;PRIVADA;4;78345;8968;BACHARELADO;CURSO A DISTÂNCIA;CENTROS UNIVERSITÁRIOS
2015;PRIVADA;PRIVADA;4;5945;444;BACHARELADO;CURSO A DISTÂNCIA;FACULDADES
2015;PRIVADA;PRIVADA;4;123751;24173;LICENCIATURA;PRESENCIAL;UNIVERSIDADES
2015;PRIVADA;PRIVADA;4;71126;14135;LICENCIATURA;PRESENCIAL;CENTROS UNIVERSITÁRIOS
2015;PRIVADA;PRIVADA;4;221018;46799;LICENCIATURA;PRESENCIAL;FACULDADES
2015;PRIVADA;PRIVADA;4;320221;45349;LICENCIATURA;CURSO A DISTÂNCIA;UNIVERSIDADES
2015;PRIVADA;PRIVADA;4;133003;25481;LICENCIATURA;CURSO A DISTÂNCIA;CENTROS UNIVERSITÁRIOS
2015;PRIVADA;PRIVADA;4;23814;2940;LICENCIATURA;CURSO A DISTÂNCIA;FACULDADES
2015;PRIVADA;PRIVADA;4;152814;38764;TECNOLÓGICO;PRESENCIAL;UNIVERSIDADES
2015;PRIVADA;PRIVADA;4;111245;30271;TECNOLÓGICO;PRESENCIAL;CENTROS UNIVERSITÁRIOS
2015;PRIVADA;PRIVADA;4;215852;55832;TECNOLÓGICO;PRESENCIAL;FACULDADES
2015;PRIVADA;PRIVADA;4;238420;56138;TECNOLÓGICO;CURSO A DISTÂNCIA;UNIVERSIDADES
2015;PRIVADA;PRIVADA;4;134458;30041;TECNOLÓGICO;CURSO A DISTÂNCIA;CENTROS UNIVERSITÁRIOS
2015;PRIVADA;PRIVADA;4;8144;1009;TECNOLÓGICO;CURSO A DISTÂNCIA;FACULDADES
2014;PÚBLICA;FEDERAL;1;16963;85;-;PRESENCIAL;UNIVERSIDADES
2014;PÚBLICA;FEDERAL;1;198;0;-;PRESENCIAL;FACULDADES
2014;PÚBLICA;FEDERAL;1;259;0;-;PRESENCIAL;IFs e CEFETs
2014;PÚBLICA;FEDERAL;1;701226;78828;BACHARELADO;PRESENCIAL;UNIVERSIDADES
2014;PÚBLICA;FEDERAL;1;1216;226;BACHARELADO;PRESENCIAL;FACULDADES
2014;PÚBLICA;FEDERAL;1;41342;2458;BACHARELADO;PRESENCIAL;IFs e CEFETs
2014;PÚBLICA;FEDERAL;1;20828;1943;BACHARELADO;CURSO A DISTÂNCIA;UNIVERSIDADES
2014;PÚBLICA;FEDERAL;1;367;25;BACHARELADO;CURSO A DISTÂNCIA;IFs e CEFETs
2014;PÚBLICA;FEDERAL;1;226694;27848;LICENCIATURA;PRESENCIAL;UNIVERSIDADES
2014;PÚBLICA;FEDERAL;1;225;28;LICENCIATURA;PRESENCIAL;FACULDADES
2014;PÚBLICA;FEDERAL;1;37972;4156;LICENCIATURA;PRESENCIAL;IFs e CEFETs
2014;PÚBLICA;FEDERAL;1;64359;5319;LICENCIATURA;CURSO A DISTÂNCIA;UNIVERSIDADES
2014;PÚBLICA;FEDERAL;1;5438;408;LICENCIATURA;CURSO A DISTÂNCIA;IFs e CEFETs
2014;PÚBLICA;FEDERAL;1;13913;2186;TECNOLÓGICO;PRESENCIAL;UNIVERSIDADES
2014;PÚBLICA;FEDERAL;1;43715;4258;TECNOLÓGICO;PRESENCIAL;IFs e CEFETs
2014;PÚBLICA;FEDERAL;1;2621;43;TECNOLÓGICO;CURSO A DISTÂNCIA;UNIVERSIDADES
2014;PÚBLICA;FEDERAL;1;2869;358;TECNOLÓGICO;CURSO A DISTÂNCIA;IFs e CEFETs
2014;PÚBLICA;ESTADUAL;2;4838;69;-;PRESENCIAL;UNIVERSIDADES
2014;PÚBLICA;ESTADUAL;2;1;0;-;PRESENCIAL;FACULDADES
2014;PÚBLICA;ESTADUAL;2;283811;37834;BACHARELADO;PRESENCIAL;UNIVERSIDADES
2014;PÚBLICA;ESTADUAL;2;858;58;BACHARELADO;PRESENCIAL;CENTROS UNIVERSITÁRIOS
2014;PÚBLICA;ESTADUAL;2;2487;447;BACHARELADO;PRESENCIAL;FACULDADES
2014;PÚBLICA;ESTADUAL;2;10642;1870;BACHARELADO;CURSO A DISTÂNCIA;UNIVERSIDADES
2014;PÚBLICA;ESTADUAL;2;207841;33624;LICENCIATURA;PRESENCIAL;UNIVERSIDADES
2014;PÚBLICA;ESTADUAL;2;3744;996;LICENCIATURA;PRESENCIAL;FACULDADES
2014;PÚBLICA;ESTADUAL;2;28482;5656;LICENCIATURA;CURSO A DISTÂNCIA;UNIVERSIDADES
2014;PÚBLICA;ESTADUAL;2;10667;2225;TECNOLÓGICO;PRESENCIAL;UNIVERSIDADES
2014;PÚBLICA;ESTADUAL;2;935;122;TECNOLÓGICO;PRESENCIAL;CENTROS UNIVERSITÁRIOS
2014;PÚBLICA;ESTADUAL;2;61738;6770;TECNOLÓGICO;PRESENCIAL;FACULDADES
2014;PÚBLICA;ESTADUAL;2;57;0;TECNOLÓGICO;CURSO A DISTÂNCIA;UNIVERSIDADES
2014;PÚBLICA;MUNICIPAL;3;60;0;-;PRESENCIAL;UNIVERSIDADES
2014;PÚBLICA;MUNICIPAL;3;139;29;-;PRESENCIAL;FACULDADES
2014;PÚBLICA;MUNICIPAL;3;70568;9118;BACHARELADO;PRESENCIAL;UNIVERSIDADES
2014;PÚBLICA;MUNICIPAL;3;21662;2796;BACHARELADO;PRESENCIAL;CENTROS UNIVERSITÁRIOS
2014;PÚBLICA;MUNICIPAL;3;36602;5273;BACHARELADO;PRESENCIAL;FACULDADES
2014;PÚBLICA;MUNICIPAL;3;587;0;BACHARELADO;CURSO A DISTÂNCIA;UNIVERSIDADES
2014;PÚBLICA;MUNICIPAL;3;8768;1757;LICENCIATURA;PRESENCIAL;UNIVERSIDADES
2014;PÚBLICA;MUNICIPAL;3;3116;466;LICENCIATURA;PRESENCIAL;CENTROS UNIVERSITÁRIOS
2014;PÚBLICA;MUNICIPAL;3;15987;3082;LICENCIATURA;PRESENCIAL;FACULDADES
2014;PÚBLICA;MUNICIPAL;3;1997;180;LICENCIATURA;CURSO A DISTÂNCIA;UNIVERSIDADES
2014;PÚBLICA;MUNICIPAL;3;3083;734;TECNOLÓGICO;PRESENCIAL;UNIVERSIDADES
2014;PÚBLICA;MUNICIPAL;3;523;158;TECNOLÓGICO;PRESENCIAL;CENTROS UNIVERSITÁRIOS
2014;PÚBLICA;MUNICIPAL;3;1042;266;TECNOLÓGICO;PRESENCIAL;FACULDADES
2014;PÚBLICA;MUNICIPAL;3;1126;249;TECNOLÓGICO;CURSO A DISTÂNCIA;UNIVERSIDADES
2014;PRIVADA;PRIVADA;4;7527;1756;-;PRESENCIAL;UNIVERSIDADES
2014;PRIVADA;PRIVADA;4;820;251;-;PRESENCIAL;CENTROS UNIVERSITÁRIOS
2014;PRIVADA;PRIVADA;4;3110;1234;-;PRESENCIAL;FACULDADES
2014;PRIVADA;PRIVADA;4;34;4;-;CURSO A DISTÂNCIA;UNIVERSIDADES
2014;PRIVADA;PRIVADA;4;1374169;161758;BACHARELADO;PRESENCIAL;UNIVERSIDADES
2014;PRIVADA;PRIVADA;4;749935;80968;BACHARELADO;PRESENCIAL;CENTROS UNIVERSITÁRIOS
2014;PRIVADA;PRIVADA;4;1609031;181115;BACHARELADO;PRESENCIAL;FACULDADES
2014;PRIVADA;PRIVADA;4;310411;30697;BACHARELADO;CURSO A DISTÂNCIA;UNIVERSIDADES
2014;PRIVADA;PRIVADA;4;69733;7998;BACHARELADO;CURSO A DISTÂNCIA;CENTROS UNIVERSITÁRIOS
2014;PRIVADA;PRIVADA;4;3939;492;BACHARELADO;CURSO A DISTÂNCIA;FACULDADES
2014;PRIVADA;PRIVADA;4;119397;20525;LICENCIATURA;PRESENCIAL;UNIVERSIDADES
2014;PRIVADA;PRIVADA;4;68079;11287;LICENCIATURA;PRESENCIAL;CENTROS UNIVERSITÁRIOS
2014;PRIVADA;PRIVADA;4;234119;38607;LICENCIATURA;PRESENCIAL;FACULDADES
2014;PRIVADA;PRIVADA;4;285458;34337;LICENCIATURA;CURSO A DISTÂNCIA;UNIVERSIDADES
2014;PRIVADA;PRIVADA;4;122291;13380;LICENCIATURA;CURSO A DISTÂNCIA;CENTROS UNIVERSITÁRIOS
2014;PRIVADA;PRIVADA;4;32668;15403;LICENCIATURA;CURSO A DISTÂNCIA;FACULDADES
2014;PRIVADA;PRIVADA;4;163127;38899;TECNOLÓGICO;PRESENCIAL;UNIVERSIDADES
2014;PRIVADA;PRIVADA;4;118650;28120;TECNOLÓGICO;PRESENCIAL;CENTROS UNIVERSITÁRIOS
2014;PRIVADA;PRIVADA;4;227732;50311;TECNOLÓGICO;PRESENCIAL;FACULDADES
2014;PRIVADA;PRIVADA;4;235490;42519;TECNOLÓGICO;CURSO A DISTÂNCIA;UNIVERSIDADES
2014;PRIVADA;PRIVADA;4;138011;28318;TECNOLÓGICO;CURSO A DISTÂNCIA;CENTROS UNIVERSITÁRIOS
2014;PRIVADA;PRIVADA;4;4468;593;TECNOLÓGICO;CURSO A DISTÂNCIA;FACULDADES
2013;PÚBLICA;FEDERAL;1;11520;5;-;PRESENCIAL;UNIVERSIDADES
2013;PÚBLICA;FEDERAL;1;201;0;-;PRESENCIAL;FACULDADES
2013;PÚBLICA;FEDERAL;1;154;0;-;PRESENCIAL;IFs e CEFETs
2013;PÚBLICA;FEDERAL;1;679047;72226;BACHARELADO;PRESENCIAL;UNIVERSIDADES
2013;PÚBLICA;FEDERAL;1;1118;185;BACHARELADO;PRESENCIAL;FACULDADES
2013;PÚBLICA;FEDERAL;1;34555;1826;BACHARELADO;PRESENCIAL;IFs e CEFETs
2013;PÚBLICA;FEDERAL;1;20443;1063;BACHARELADO;CURSO A DISTÂNCIA;UNIVERSIDADES
2013;PÚBLICA;FEDERAL;1;244;0;BACHARELADO;CURSO A DISTÂNCIA;IFs e CEFETs
2013;PÚBLICA;FEDERAL;1;227417;25114;LICENCIATURA;PRESENCIAL;UNIVERSIDADES
2013;PÚBLICA;FEDERAL;1;257;39;LICENCIATURA;PRESENCIAL;FACULDADES
2013;PÚBLICA;FEDERAL;1;35119;2577;LICENCIATURA;PRESENCIAL;IFs e CEFETs
2013;PÚBLICA;FEDERAL;1;60476;5050;LICENCIATURA;CURSO A DISTÂNCIA;UNIVERSIDADES
2013;PÚBLICA;FEDERAL;1;5425;673;LICENCIATURA;CURSO A DISTÂNCIA;IFs e CEFETs
2013;PÚBLICA;FEDERAL;1;14379;2003;TECNOLÓGICO;PRESENCIAL;UNIVERSIDADES
2013;PÚBLICA;FEDERAL;1;41840;3822;TECNOLÓGICO;PRESENCIAL;IFs e CEFETs
2013;PÚBLICA;FEDERAL;1;2686;237;TECNOLÓGICO;CURSO A DISTÂNCIA;UNIVERSIDADES
2013;PÚBLICA;FEDERAL;1;3070;521;TECNOLÓGICO;CURSO A DISTÂNCIA;IFs e CEFETs
2013;PÚBLICA;ESTADUAL;2;11525;67;-;PRESENCIAL;UNIVERSIDADES
2013;PÚBLICA;ESTADUAL;2;59;0;-;PRESENCIAL;FACULDADES
2013;PÚBLICA;ESTADUAL;2;262063;34759;BACHARELADO;PRESENCIAL;UNIVERSIDADES
2013;PÚBLICA;ESTADUAL;2;750;25;BACHARELADO;PRESENCIAL;CENTROS UNIVERSITÁRIOS
2013;PÚBLICA;ESTADUAL;2;7569;1360;BACHARELADO;PRESENCIAL;FACULDADES
2013;PÚBLICA;ESTADUAL;2;17330;7313;BACHARELADO;CURSO A DISTÂNCIA;UNIVERSIDADES
2013;PÚBLICA;ESTADUAL;2;197853;24148;LICENCIATURA;PRESENCIAL;UNIVERSIDADES
2013;PÚBLICA;ESTADUAL;2;10721;1630;LICENCIATURA;PRESENCIAL;FACULDADES
2013;PÚBLICA;ESTADUAL;2;29532;5430;LICENCIATURA;CURSO A DISTÂNCIA;UNIVERSIDADES
2013;PÚBLICA;ESTADUAL;2;9228;1549;TECNOLÓGICO;PRESENCIAL;UNIVERSIDADES
2013;PÚBLICA;ESTADUAL;2;965;41;TECNOLÓGICO;PRESENCIAL;CENTROS UNIVERSITÁRIOS
2013;PÚBLICA;ESTADUAL;2;57063;6636;TECNOLÓGICO;PRESENCIAL;FACULDADES
2013;PÚBLICA;ESTADUAL;2;67;1;TECNOLÓGICO;CURSO A DISTÂNCIA;UNIVERSIDADES
2013;PÚBLICA;MUNICIPAL;3;16;0;-;PRESENCIAL;UNIVERSIDADES
2013;PÚBLICA;MUNICIPAL;3;165;20;-;PRESENCIAL;FACULDADES
2013;PÚBLICA;MUNICIPAL;3;82222;12040;BACHARELADO;PRESENCIAL;UNIVERSIDADES
2013;PÚBLICA;MUNICIPAL;3;20444;3189;BACHARELADO;PRESENCIAL;CENTROS UNIVERSITÁRIOS
2013;PÚBLICA;MUNICIPAL;3;35812;5239;BACHARELADO;PRESENCIAL;FACULDADES
2013;PÚBLICA;MUNICIPAL;3;4892;666;BACHARELADO;CURSO A DISTÂNCIA;UNIVERSIDADES
2013;PÚBLICA;MUNICIPAL;3;10295;2071;LICENCIATURA;PRESENCIAL;UNIVERSIDADES
2013;PÚBLICA;MUNICIPAL;3;3038;486;LICENCIATURA;PRESENCIAL;CENTROS UNIVERSITÁRIOS
2013;PÚBLICA;MUNICIPAL;3;17222;3707;LICENCIATURA;PRESENCIAL;FACULDADES
2013;PÚBLICA;MUNICIPAL;3;2363;224;LICENCIATURA;CURSO A DISTÂNCIA;UNIVERSIDADES
2013;PÚBLICA;MUNICIPAL;3;4238;1198;TECNOLÓGICO;PRESENCIAL;UNIVERSIDADES
2013;PÚBLICA;MUNICIPAL;3;495;112;TECNOLÓGICO;PRESENCIAL;CENTROS UNIVERSITÁRIOS
2013;PÚBLICA;MUNICIPAL;3;1113;279;TECNOLÓGICO;PRESENCIAL;FACULDADES
2013;PÚBLICA;MUNICIPAL;3;8025;1839;TECNOLÓGICO;CURSO A DISTÂNCIA;UNIVERSIDADES
2013;PRIVADA;PRIVADA;4;10088;2234;-;PRESENCIAL;UNIVERSIDADES
2013;PRIVADA;PRIVADA;4;792;265;-;PRESENCIAL;CENTROS UNIVERSITÁRIOS
2013;PRIVADA;PRIVADA;4;6146;1185;-;PRESENCIAL;FACULDADES
2013;PRIVADA;PRIVADA;4;68;26;-;CURSO A DISTÂNCIA;UNIVERSIDADES
2013;PRIVADA;PRIVADA;4;1278457;163379;BACHARELADO;PRESENCIAL;UNIVERSIDADES
2013;PRIVADA;PRIVADA;4;652196;78488;BACHARELADO;PRESENCIAL;CENTROS UNIVERSITÁRIOS
2013;PRIVADA;PRIVADA;4;1496875;179344;BACHARELADO;PRESENCIAL;FACULDADES
2013;PRIVADA;PRIVADA;4;259780;29785;BACHARELADO;CURSO A DISTÂNCIA;UNIVERSIDADES
2013;PRIVADA;PRIVADA;4;55037;3124;BACHARELADO;CURSO A DISTÂNCIA;CENTROS UNIVERSITÁRIOS
2013;PRIVADA;PRIVADA;4;3476;684;BACHARELADO;CURSO A DISTÂNCIA;FACULDADES
2013;PRIVADA;PRIVADA;4;121783;25522;LICENCIATURA;PRESENCIAL;UNIVERSIDADES
2013;PRIVADA;PRIVADA;4;65947;12375;LICENCIATURA;PRESENCIAL;CENTROS UNIVERSITÁRIOS
2013;PRIVADA;PRIVADA;4;233329;42367;LICENCIATURA;PRESENCIAL;FACULDADES
2013;PRIVADA;PRIVADA;4;214561;32472;LICENCIATURA;CURSO A DISTÂNCIA;UNIVERSIDADES
2013;PRIVADA;PRIVADA;4;108720;13497;LICENCIATURA;CURSO A DISTÂNCIA;CENTROS UNIVERSITÁRIOS
2013;PRIVADA;PRIVADA;4;30116;3971;LICENCIATURA;CURSO A DISTÂNCIA;FACULDADES
2013;PRIVADA;PRIVADA;4;171840;40795;TECNOLÓGICO;PRESENCIAL;UNIVERSIDADES
2013;PRIVADA;PRIVADA;4;120106;29213;TECNOLÓGICO;PRESENCIAL;CENTROS UNIVERSITÁRIOS
2013;PRIVADA;PRIVADA;4;233302;52194;TECNOLÓGICO;PRESENCIAL;FACULDADES
2013;PRIVADA;PRIVADA;4;196570;32801;TECNOLÓGICO;CURSO A DISTÂNCIA;UNIVERSIDADES
2013;PRIVADA;PRIVADA;4;127165;21230;TECNOLÓGICO;CURSO A DISTÂNCIA;CENTROS UNIVERSITÁRIOS
2013;PRIVADA;PRIVADA;4;3594;491;TECNOLÓGICO;CURSO A DISTÂNCIA;FACULDADES
2012;PÚBLICA;FEDERAL;1;8493;11;-;PRESENCIAL;UNIVERSIDADES
2012;PÚBLICA;FEDERAL;1;219;0;-;PRESENCIAL;FACULDADES
2012;PÚBLICA;FEDERAL;1;114;0;-;PRESENCIAL;IFs e CEFETs
2012;PÚBLICA;FEDERAL;1;643137;66575;BACHARELADO;PRESENCIAL;UNIVERSIDADES
2012;PÚBLICA;FEDERAL;1;1088;220;BACHARELADO;PRESENCIAL;FACULDADES
2012;PÚBLICA;FEDERAL;1;28103;1260;BACHARELADO;PRESENCIAL;IFs e CEFETs
2012;PÚBLICA;FEDERAL;1;19448;2010;BACHARELADO;CURSO A DISTÂNCIA;UNIVERSIDADES
2012;PÚBLICA;FEDERAL;1;304;0;BACHARELADO;CURSO A DISTÂNCIA;IFs e CEFETs
2012;PÚBLICA;FEDERAL;1;219848;21495;LICENCIATURA;PRESENCIAL;UNIVERSIDADES
2012;PÚBLICA;FEDERAL;1;240;13;LICENCIATURA;PRESENCIAL;FACULDADES
2012;PÚBLICA;FEDERAL;1;30551;1640;LICENCIATURA;PRESENCIAL;IFs e CEFETs
2012;PÚBLICA;FEDERAL;1;66536;6366;LICENCIATURA;CURSO A DISTÂNCIA;UNIVERSIDADES
2012;PÚBLICA;FEDERAL;1;5003;577;LICENCIATURA;CURSO A DISTÂNCIA;IFs e CEFETs
2012;PÚBLICA;FEDERAL;1;14333;1639;TECNOLÓGICO;PRESENCIAL;UNIVERSIDADES
2012;PÚBLICA;FEDERAL;1;39171;3428;TECNOLÓGICO;PRESENCIAL;IFs e CEFETs
2012;PÚBLICA;FEDERAL;1;2527;117;TECNOLÓGICO;CURSO A DISTÂNCIA;UNIVERSIDADES
2012;PÚBLICA;FEDERAL;1;8393;5825;TECNOLÓGICO;CURSO A DISTÂNCIA;IFs e CEFETs
2012;PÚBLICA;ESTADUAL;2;13581;45;-;PRESENCIAL;UNIVERSIDADES
2012;PÚBLICA;ESTADUAL;2;60;0;-;PRESENCIAL;FACULDADES
2012;PÚBLICA;ESTADUAL;2;260292;38392;BACHARELADO;PRESENCIAL;UNIVERSIDADES
2012;PÚBLICA;ESTADUAL;2;675;60;BACHARELADO;PRESENCIAL;CENTROS UNIVERSITÁRIOS
2012;PÚBLICA;ESTADUAL;2;8341;1487;BACHARELADO;PRESENCIAL;FACULDADES
2012;PÚBLICA;ESTADUAL;2;29364;11785;BACHARELADO;CURSO A DISTÂNCIA;UNIVERSIDADES
2012;PÚBLICA;ESTADUAL;2;204799;29111;LICENCIATURA;PRESENCIAL;UNIVERSIDADES
2012;PÚBLICA;ESTADUAL;2;10759;1577;LICENCIATURA;PRESENCIAL;FACULDADES
2012;PÚBLICA;ESTADUAL;2;35285;6034;LICENCIATURA;CURSO A DISTÂNCIA;UNIVERSIDADES
2012;PÚBLICA;ESTADUAL;2;10738;1889;TECNOLÓGICO;PRESENCIAL;UNIVERSIDADES
2012;PÚBLICA;ESTADUAL;2;1014;70;TECNOLÓGICO;PRESENCIAL;CENTROS UNIVERSITÁRIOS
2012;PÚBLICA;ESTADUAL;2;50437;5903;TECNOLÓGICO;PRESENCIAL;FACULDADES
2012;PÚBLICA;ESTADUAL;2;129;66;TECNOLÓGICO;CURSO A DISTÂNCIA;UNIVERSIDADES
2012;PÚBLICA;MUNICIPAL;3;156;14;-;PRESENCIAL;FACULDADES
2012;PÚBLICA;MUNICIPAL;3;79999;11732;BACHARELADO;PRESENCIAL;UNIVERSIDADES
2012;PÚBLICA;MUNICIPAL;3;17703;3161;BACHARELADO;PRESENCIAL;CENTROS UNIVERSITÁRIOS
2012;PÚBLICA;MUNICIPAL;3;36805;5350;BACHARELADO;PRESENCIAL;FACULDADES
2012;PÚBLICA;MUNICIPAL;3;4518;434;BACHARELADO;CURSO A DISTÂNCIA;UNIVERSIDADES
2012;PÚBLICA;MUNICIPAL;3;10240;2088;LICENCIATURA;PRESENCIAL;UNIVERSIDADES
2012;PÚBLICA;MUNICIPAL;3;1896;516;LICENCIATURA;PRESENCIAL;CENTROS UNIVERSITÁRIOS
2012;PÚBLICA;MUNICIPAL;3;17330;3181;LICENCIATURA;PRESENCIAL;FACULDADES
2012;PÚBLICA;MUNICIPAL;3;1996;142;LICENCIATURA;CURSO A DISTÂNCIA;UNIVERSIDADES
2012;PÚBLICA;MUNICIPAL;3;4391;1151;TECNOLÓGICO;PRESENCIAL;UNIVERSIDADES
2012;PÚBLICA;MUNICIPAL;3;584;176;TECNOLÓGICO;PRESENCIAL;CENTROS UNIVERSITÁRIOS
2012;PÚBLICA;MUNICIPAL;3;1097;280;TECNOLÓGICO;PRESENCIAL;FACULDADES
2012;PÚBLICA;MUNICIPAL;3;8121;1796;TECNOLÓGICO;CURSO A DISTÂNCIA;UNIVERSIDADES
2012;PRIVADA;PRIVADA;4;10464;2643;-;PRESENCIAL;UNIVERSIDADES
2012;PRIVADA;PRIVADA;4;1211;449;-;PRESENCIAL;CENTROS UNIVERSITÁRIOS
2012;PRIVADA;PRIVADA;4;8522;2482;-;PRESENCIAL;FACULDADES
2012;PRIVADA;PRIVADA;4;108;12;-;CURSO A DISTÂNCIA;UNIVERSIDADES
2012;PRIVADA;PRIVADA;4;1236668;176491;BACHARELADO;PRESENCIAL;UNIVERSIDADES
2012;PRIVADA;PRIVADA;4;619013;91387;BACHARELADO;PRESENCIAL;CENTROS UNIVERSITÁRIOS
2012;PRIVADA;PRIVADA;4;1412206;195965;BACHARELADO;PRESENCIAL;FACULDADES
2012;PRIVADA;PRIVADA;4;259260;26344;BACHARELADO;CURSO A DISTÂNCIA;UNIVERSIDADES
2012;PRIVADA;PRIVADA;4;43942;4180;BACHARELADO;CURSO A DISTÂNCIA;CENTROS UNIVERSITÁRIOS
2012;PRIVADA;PRIVADA;4;2827;653;BACHARELADO;CURSO A DISTÂNCIA;FACULDADES
2012;PRIVADA;PRIVADA;4;129497;30784;LICENCIATURA;PRESENCIAL;UNIVERSIDADES
2012;PRIVADA;PRIVADA;4;70632;14615;LICENCIATURA;PRESENCIAL;CENTROS UNIVERSITÁRIOS
2012;PRIVADA;PRIVADA;4;220801;43209;LICENCIATURA;PRESENCIAL;FACULDADES
2012;PRIVADA;PRIVADA;4;208500;41018;LICENCIATURA;CURSO A DISTÂNCIA;UNIVERSIDADES
2012;PRIVADA;PRIVADA;4;99249;12912;LICENCIATURA;CURSO A DISTÂNCIA;CENTROS UNIVERSITÁRIOS
2012;PRIVADA;PRIVADA;4;33397;8614;LICENCIATURA;CURSO A DISTÂNCIA;FACULDADES
2012;PRIVADA;PRIVADA;4;173765;41849;TECNOLÓGICO;PRESENCIAL;UNIVERSIDADES
2012;PRIVADA;PRIVADA;4;118273;28123;TECNOLÓGICO;PRESENCIAL;CENTROS UNIVERSITÁRIOS
2012;PRIVADA;PRIVADA;4;226880;51274;TECNOLÓGICO;PRESENCIAL;FACULDADES
2012;PRIVADA;PRIVADA;4;166961;26146;TECNOLÓGICO;CURSO A DISTÂNCIA;UNIVERSIDADES
2012;PRIVADA;PRIVADA;4;112595;18379;TECNOLÓGICO;CURSO A DISTÂNCIA;CENTROS UNIVERSITÁRIOS
2012;PRIVADA;PRIVADA;4;5495;924;TECNOLÓGICO;CURSO A DISTÂNCIA;FACULDADES
2011;PÚBLICA;FEDERAL;1;5971;19;-;PRESENCIAL;UNIVERSIDADES
2011;PÚBLICA;FEDERAL;1;195;0;-;PRESENCIAL;FACULDADES
2011;PÚBLICA;FEDERAL;1;161;0;-;PRESENCIAL;IFs e CEFETs
2011;PÚBLICA;FEDERAL;1;604463;65440;BACHARELADO;PRESENCIAL;UNIVERSIDADES
2011;PÚBLICA;FEDERAL;1;1069;236;BACHARELADO;PRESENCIAL;FACULDADES
2011;PÚBLICA;FEDERAL;1;22768;1108;BACHARELADO;PRESENCIAL;IFs e CEFETs
2011;PÚBLICA;FEDERAL;1;20905;2179;BACHARELADO;CURSO A DISTÂNCIA;UNIVERSIDADES
2011;PÚBLICA;FEDERAL;1;113;0;BACHARELADO;CURSO A DISTÂNCIA;IFs e CEFETs
2011;PÚBLICA;FEDERAL;1;218276;25735;LICENCIATURA;PRESENCIAL;UNIVERSIDADES
2011;PÚBLICA;FEDERAL;1;199;6;LICENCIATURA;PRESENCIAL;FACULDADES
2011;PÚBLICA;FEDERAL;1;22554;1002;LICENCIATURA;PRESENCIAL;IFs e CEFETs
2011;PÚBLICA;FEDERAL;1;63785;3539;LICENCIATURA;CURSO A DISTÂNCIA;UNIVERSIDADES
2011;PÚBLICA;FEDERAL;1;4371;417;LICENCIATURA;CURSO A DISTÂNCIA;IFs e CEFETs
2011;PÚBLICA;FEDERAL;1;13974;1254;TECNOLÓGICO;PRESENCIAL;UNIVERSIDADES
2011;PÚBLICA;FEDERAL;1;37534;3602;TECNOLÓGICO;PRESENCIAL;IFs e CEFETs
2011;PÚBLICA;FEDERAL;1;2551;416;TECNOLÓGICO;CURSO A DISTÂNCIA;UNIVERSIDADES
2011;PÚBLICA;FEDERAL;1;14125;6223;TECNOLÓGICO;CURSO A DISTÂNCIA;IFs e CEFETs
2011;PÚBLICA;ESTADUAL;2;10770;0;-;PRESENCIAL;UNIVERSIDADES
2011;PÚBLICA;ESTADUAL;2;257226;37116;BACHARELADO;PRESENCIAL;UNIVERSIDADES
2011;PÚBLICA;ESTADUAL;2;551;0;BACHARELADO;PRESENCIAL;CENTROS UNIVERSITÁRIOS
2011;PÚBLICA;ESTADUAL;2;8024;1212;BACHARELADO;PRESENCIAL;FACULDADES
2011;PÚBLICA;ESTADUAL;2;32673;4056;BACHARELADO;CURSO A DISTÂNCIA;UNIVERSIDADES
2011;PÚBLICA;ESTADUAL;2;206906;31017;LICENCIATURA;PRESENCIAL;UNIVERSIDADES
2011;PÚBLICA;ESTADUAL;2;11275;1471;LICENCIATURA;PRESENCIAL;FACULDADES
2011;PÚBLICA;ESTADUAL;2;35913;6598;LICENCIATURA;CURSO A DISTÂNCIA;UNIVERSIDADES
2011;PÚBLICA;ESTADUAL;2;9809;1509;TECNOLÓGICO;PRESENCIAL;UNIVERSIDADES
2011;PÚBLICA;ESTADUAL;2;1072;151;TECNOLÓGICO;PRESENCIAL;CENTROS UNIVERSITÁRIOS
2011;PÚBLICA;ESTADUAL;2;42674;4504;TECNOLÓGICO;PRESENCIAL;FACULDADES
2011;PÚBLICA;ESTADUAL;2;2566;252;TECNOLÓGICO;CURSO A DISTÂNCIA;UNIVERSIDADES
2011;PÚBLICA;MUNICIPAL;3;144;14;-;PRESENCIAL;FACULDADES
2011;PÚBLICA;MUNICIPAL;3;46145;6704;BACHARELADO;PRESENCIAL;UNIVERSIDADES
2011;PÚBLICA;MUNICIPAL;3;11664;1586;BACHARELADO;PRESENCIAL;CENTROS UNIVERSITÁRIOS
2011;PÚBLICA;MUNICIPAL;3;33938;4675;BACHARELADO;PRESENCIAL;FACULDADES
2011;PÚBLICA;MUNICIPAL;3;6420;1456;LICENCIATURA;PRESENCIAL;UNIVERSIDADES
2011;PÚBLICA;MUNICIPAL;3;1373;249;LICENCIATURA;PRESENCIAL;CENTROS UNIVERSITÁRIOS
2011;PÚBLICA;MUNICIPAL;3;16541;3531;LICENCIATURA;PRESENCIAL;FACULDADES
2011;PÚBLICA;MUNICIPAL;3;716;0;LICENCIATURA;CURSO A DISTÂNCIA;UNIVERSIDADES
2011;PÚBLICA;MUNICIPAL;3;2879;757;TECNOLÓGICO;PRESENCIAL;UNIVERSIDADES
2011;PÚBLICA;MUNICIPAL;3;238;37;TECNOLÓGICO;PRESENCIAL;CENTROS UNIVERSITÁRIOS
2011;PÚBLICA;MUNICIPAL;3;905;308;TECNOLÓGICO;PRESENCIAL;FACULDADES
2011;PÚBLICA;MUNICIPAL;3;206;19;TECNOLÓGICO;CURSO A DISTÂNCIA;UNIVERSIDADES
2011;PRIVADA;PRIVADA;4;12527;2560;-;PRESENCIAL;UNIVERSIDADES
2011;PRIVADA;PRIVADA;4;2723;1409;-;PRESENCIAL;CENTROS UNIVERSITÁRIOS
2011;PRIVADA;PRIVADA;4;10220;1919;-;PRESENCIAL;FACULDADES
2011;PRIVADA;PRIVADA;4;135;77;-;CURSO A DISTÂNCIA;UNIVERSIDADES
2011;PRIVADA;PRIVADA;4;1229200;182904;BACHARELADO;PRESENCIAL;UNIVERSIDADES
2011;PRIVADA;PRIVADA;4;583629;89208;BACHARELADO;PRESENCIAL;CENTROS UNIVERSITÁRIOS
2011;PRIVADA;PRIVADA;4;1397746;192806;BACHARELADO;PRESENCIAL;FACULDADES
2011;PRIVADA;PRIVADA;4;205958;15694;BACHARELADO;CURSO A DISTÂNCIA;UNIVERSIDADES
2011;PRIVADA;PRIVADA;4;35723;2675;BACHARELADO;CURSO A DISTÂNCIA;CENTROS UNIVERSITÁRIOS
2011;PRIVADA;PRIVADA;4;4036;372;BACHARELADO;CURSO A DISTÂNCIA;FACULDADES
2011;PRIVADA;PRIVADA;4;146816;33285;LICENCIATURA;PRESENCIAL;UNIVERSIDADES
2011;PRIVADA;PRIVADA;4;74341;16674;LICENCIATURA;PRESENCIAL;CENTROS UNIVERSITÁRIOS
2011;PRIVADA;PRIVADA;4;222079;46457;LICENCIATURA;PRESENCIAL;FACULDADES
2011;PRIVADA;PRIVADA;4;187981;38852;LICENCIATURA;CURSO A DISTÂNCIA;UNIVERSIDADES
2011;PRIVADA;PRIVADA;4;72440;13183;LICENCIATURA;CURSO A DISTÂNCIA;CENTROS UNIVERSITÁRIOS
2011;PRIVADA;PRIVADA;4;64343;14635;LICENCIATURA;CURSO A DISTÂNCIA;FACULDADES
2011;PRIVADA;PRIVADA;4;174802;40584;TECNOLÓGICO;PRESENCIAL;UNIVERSIDADES
2011;PRIVADA;PRIVADA;4;101994;24181;TECNOLÓGICO;PRESENCIAL;CENTROS UNIVERSITÁRIOS
2011;PRIVADA;PRIVADA;4;220683;44396;TECNOLÓGICO;PRESENCIAL;FACULDADES
2011;PRIVADA;PRIVADA;4;145564;23562;TECNOLÓGICO;CURSO A DISTÂNCIA;UNIVERSIDADES
2011;PRIVADA;PRIVADA;4;37994;4739;TECNOLÓGICO;CURSO A DISTÂNCIA;CENTROS UNIVERSITÁRIOS
2011;PRIVADA;PRIVADA;4;60964;14141;TECNOLÓGICO;CURSO A DISTÂNCIA;FACULDADES
2010;PÚBLICA;FEDERAL;1;5026;1;-;PRESENCIAL;UNIVERSIDADES
2010;PÚBLICA;FEDERAL;1;184;0;-;PRESENCIAL;FACULDADES
2010;PÚBLICA;FEDERAL;1;541920;62617;BACHARELADO;PRESENCIAL;UNIVERSIDADES
2010;PÚBLICA;FEDERAL;1;1102;233;BACHARELADO;PRESENCIAL;FACULDADES
2010;PÚBLICA;FEDERAL;1;19423;693;BACHARELADO;PRESENCIAL;IFs e CEFETs
2010;PÚBLICA;FEDERAL;1;20177;1387;BACHARELADO;CURSO A DISTÂNCIA;UNIVERSIDADES
2010;PÚBLICA;FEDERAL;1;69;0;BACHARELADO;CURSO A DISTÂNCIA;IFs e CEFETs
2010;PÚBLICA;FEDERAL;1;205124;24305;LICENCIATURA;PRESENCIAL;UNIVERSIDADES
2010;PÚBLICA;FEDERAL;1;185;17;LICENCIATURA;PRESENCIAL;FACULDADES
2010;PÚBLICA;FEDERAL;1;15188;756;LICENCIATURA;PRESENCIAL;IFs e CEFETs
2010;PÚBLICA;FEDERAL;1;62676;4718;LICENCIATURA;CURSO A DISTÂNCIA;UNIVERSIDADES
2010;PÚBLICA;FEDERAL;1;4149;4;LICENCIATURA;CURSO A DISTÂNCIA;IFs e CEFETs
2010;PÚBLICA;FEDERAL;1;11869;1184;TECNOLÓGICO;PRESENCIAL;UNIVERSIDADES
2010;PÚBLICA;FEDERAL;1;33961;3637;TECNOLÓGICO;PRESENCIAL;IFs e CEFETs
2010;PÚBLICA;FEDERAL;1;2935;14;TECNOLÓGICO;CURSO A DISTÂNCIA;UNIVERSIDADES
2010;PÚBLICA;FEDERAL;1;14716;380;TECNOLÓGICO;CURSO A DISTÂNCIA;IFs e CEFETs
2010;PÚBLICA;ESTADUAL;2;10962;195;-;PRESENCIAL;UNIVERSIDADES
2010;PÚBLICA;ESTADUAL;2;247888;34345;BACHARELADO;PRESENCIAL;UNIVERSIDADES
2010;PÚBLICA;ESTADUAL;2;311;0;BACHARELADO;PRESENCIAL;CENTROS UNIVERSITÁRIOS
2010;PÚBLICA;ESTADUAL;2;7855;1398;BACHARELADO;PRESENCIAL;FACULDADES
2010;PÚBLICA;ESTADUAL;2;35794;182;BACHARELADO;CURSO A DISTÂNCIA;UNIVERSIDADES
2010;PÚBLICA;ESTADUAL;2;202366;24974;LICENCIATURA;PRESENCIAL;UNIVERSIDADES
2010;PÚBLICA;ESTADUAL;2;11367;1559;LICENCIATURA;PRESENCIAL;FACULDADES
2010;PÚBLICA;ESTADUAL;2;35778;3285;LICENCIATURA;CURSO A DISTÂNCIA;UNIVERSIDADES
2010;PÚBLICA;ESTADUAL;2;10248;1279;TECNOLÓGICO;PRESENCIAL;UNIVERSIDADES
2010;PÚBLICA;ESTADUAL;2;888;53;TECNOLÓGICO;PRESENCIAL;CENTROS UNIVERSITÁRIOS
2010;PÚBLICA;ESTADUAL;2;33008;3235;TECNOLÓGICO;PRESENCIAL;FACULDADES
2010;PÚBLICA;ESTADUAL;2;4842;2220;TECNOLÓGICO;CURSO A DISTÂNCIA;UNIVERSIDADES
2010;PÚBLICA;MUNICIPAL;3;130;16;-;PRESENCIAL;FACULDADES
2010;PÚBLICA;MUNICIPAL;3;30973;4874;BACHARELADO;PRESENCIAL;UNIVERSIDADES
2010;PÚBLICA;MUNICIPAL;3;11211;1553;BACHARELADO;PRESENCIAL;CENTROS UNIVERSITÁRIOS
2010;PÚBLICA;MUNICIPAL;3;33202;5326;BACHARELADO;PRESENCIAL;FACULDADES
2010;PÚBLICA;MUNICIPAL;3;4932;1032;LICENCIATURA;PRESENCIAL;UNIVERSIDADES
2010;PÚBLICA;MUNICIPAL;3;1470;273;LICENCIATURA;PRESENCIAL;CENTROS UNIVERSITÁRIOS
2010;PÚBLICA;MUNICIPAL;3;18105;4246;LICENCIATURA;PRESENCIAL;FACULDADES
2010;PÚBLICA;MUNICIPAL;3;381;0;LICENCIATURA;CURSO A DISTÂNCIA;UNIVERSIDADES
2010;PÚBLICA;MUNICIPAL;3;1906;490;TECNOLÓGICO;PRESENCIAL;UNIVERSIDADES
2010;PÚBLICA;MUNICIPAL;3;286;121;TECNOLÓGICO;PRESENCIAL;CENTROS UNIVERSITÁRIOS
2010;PÚBLICA;MUNICIPAL;3;979;207;TECNOLÓGICO;PRESENCIAL;FACULDADES
2010;PÚBLICA;MUNICIPAL;3;85;0;TECNOLÓGICO;CURSO A DISTÂNCIA;UNIVERSIDADES
2010;PRIVADA;PRIVADA;4;11324;2857;-;PRESENCIAL;UNIVERSIDADES
2010;PRIVADA;PRIVADA;4;4636;1791;-;PRESENCIAL;CENTROS UNIVERSITÁRIOS
2010;PRIVADA;PRIVADA;4;11415;1660;-;PRESENCIAL;FACULDADES
2010;PRIVADA;PRIVADA;4;741;303;-;CURSO A DISTÂNCIA;UNIVERSIDADES
2010;PRIVADA;PRIVADA;4;1200932;177314;BACHARELADO;PRESENCIAL;UNIVERSIDADES
2010;PRIVADA;PRIVADA;4;555666;93091;BACHARELADO;PRESENCIAL;CENTROS UNIVERSITÁRIOS
2010;PRIVADA;PRIVADA;4;1308061;174892;BACHARELADO;PRESENCIAL;FACULDADES
2010;PRIVADA;PRIVADA;4;177304;18059;BACHARELADO;CURSO A DISTÂNCIA;UNIVERSIDADES
2010;PRIVADA;PRIVADA;4;15449;456;BACHARELADO;CURSO A DISTÂNCIA;CENTROS UNIVERSITÁRIOS
2010;PRIVADA;PRIVADA;4;19380;1471;BACHARELADO;CURSO A DISTÂNCIA;FACULDADES
2010;PRIVADA;PRIVADA;4;165231;38056;LICENCIATURA;PRESENCIAL;UNIVERSIDADES
2010;PRIVADA;PRIVADA;4;81951;19659;LICENCIATURA;PRESENCIAL;CENTROS UNIVERSITÁRIOS
2010;PRIVADA;PRIVADA;4;222829;46477;LICENCIATURA;PRESENCIAL;FACULDADES
2010;PRIVADA;PRIVADA;4;183337;37525;LICENCIATURA;CURSO A DISTÂNCIA;UNIVERSIDADES
2010;PRIVADA;PRIVADA;4;53474;12086;LICENCIATURA;CURSO A DISTÂNCIA;CENTROS UNIVERSITÁRIOS
2010;PRIVADA;PRIVADA;4;86446;14334;LICENCIATURA;CURSO A DISTÂNCIA;FACULDADES
2010;PRIVADA;PRIVADA;4;170785;42040;TECNOLÓGICO;PRESENCIAL;UNIVERSIDADES
2010;PRIVADA;PRIVADA;4;89848;20773;TECNOLÓGICO;PRESENCIAL;CENTROS UNIVERSITÁRIOS
2010;PRIVADA;PRIVADA;4;192066;38577;TECNOLÓGICO;PRESENCIAL;FACULDADES
2010;PRIVADA;PRIVADA;4;131428;26334;TECNOLÓGICO;CURSO A DISTÂNCIA;UNIVERSIDADES
2010;PRIVADA;PRIVADA;4;26126;7049;TECNOLÓGICO;CURSO A DISTÂNCIA;CENTROS UNIVERSITÁRIOS
2010;PRIVADA;PRIVADA;4;55633;15049;TECNOLÓGICO;CURSO A DISTÂNCIA;FACULDADES
2009;PÚBLICA;FEDERAL;1;35;2;-;PRESENCIAL;UNIVERSIDADES
2009;PÚBLICA;FEDERAL;1;481137;58440;BACHARELADO;PRESENCIAL;UNIVERSIDADES
2009;PÚBLICA;FEDERAL;1;1271;233;BACHARELADO;PRESENCIAL;FACULDADES
2009;PÚBLICA;FEDERAL;1;14394;498;BACHARELADO;PRESENCIAL;IFs e CEFETs
2009;PÚBLICA;FEDERAL;1;16795;40;BACHARELADO;CURSO A DISTÂNCIA;UNIVERSIDADES
2009;PÚBLICA;FEDERAL;1;146411;19186;LICENCIATURA;PRESENCIAL;UNIVERSIDADES
2009;PÚBLICA;FEDERAL;1;150;30;LICENCIATURA;PRESENCIAL;FACULDADES
2009;PÚBLICA;FEDERAL;1;10630;540;LICENCIATURA;PRESENCIAL;IFs e CEFETs
2009;PÚBLICA;FEDERAL;1;53344;1694;LICENCIATURA;CURSO A DISTÂNCIA;UNIVERSIDADES
2009;PÚBLICA;FEDERAL;1;4308;3;LICENCIATURA;CURSO A DISTÂNCIA;IFs e CEFETs
2009;PÚBLICA;FEDERAL;1;15878;2011;TECNOLÓGICO;PRESENCIAL;UNIVERSIDADES
2009;PÚBLICA;FEDERAL;1;29553;3927;TECNOLÓGICO;PRESENCIAL;IFs e CEFETs
2009;PÚBLICA;FEDERAL;1;3047;6;TECNOLÓGICO;CURSO A DISTÂNCIA;UNIVERSIDADES
2009;PÚBLICA;FEDERAL;1;9056;191;TECNOLÓGICO;CURSO A DISTÂNCIA;IFs e CEFETs
2009;PÚBLICA;FEDERAL;1;53267;6711;BACHARELADO E LICENCIATURA;PRESENCIAL;UNIVERSIDADES
2009;PÚBLICA;FEDERAL;1;156;0;BACHARELADO E LICENCIATURA;PRESENCIAL;IFs e CEFETs
2009;PÚBLICA;ESTADUAL;2;1150;416;-;PRESENCIAL;UNIVERSIDADES
2009;PÚBLICA;ESTADUAL;2;215265;31747;BACHARELADO;PRESENCIAL;UNIVERSIDADES
2009;PÚBLICA;ESTADUAL;2;177;0;BACHARELADO;PRESENCIAL;CENTROS UNIVERSITÁRIOS
2009;PÚBLICA;ESTADUAL;2;9502;1974;BACHARELADO;PRESENCIAL;FACULDADES
2009;PÚBLICA;ESTADUAL;2;41333;6839;BACHARELADO;CURSO A DISTÂNCIA;UNIVERSIDADES
2009;PÚBLICA;ESTADUAL;2;170626;28841;LICENCIATURA;PRESENCIAL;UNIVERSIDADES
2009;PÚBLICA;ESTADUAL;2;8599;1673;LICENCIATURA;PRESENCIAL;FACULDADES
2009;PÚBLICA;ESTADUAL;2;39839;8574;LICENCIATURA;CURSO A DISTÂNCIA;UNIVERSIDADES
2009;PÚBLICA;ESTADUAL;2;11412;2161;TECNOLÓGICO;PRESENCIAL;UNIVERSIDADES
2009;PÚBLICA;ESTADUAL;2;692;18;TECNOLÓGICO;PRESENCIAL;CENTROS UNIVERSITÁRIOS
2009;PÚBLICA;ESTADUAL;2;23868;4783;TECNOLÓGICO;PRESENCIAL;FACULDADES
2009;PÚBLICA;ESTADUAL;2;4887;1726;TECNOLÓGICO;CURSO A DISTÂNCIA;UNIVERSIDADES
2009;PÚBLICA;ESTADUAL;2;39741;4674;BACHARELADO E LICENCIATURA;PRESENCIAL;UNIVERSIDADES
2009;PÚBLICA;ESTADUAL;2;263;39;BACHARELADO E LICENCIATURA;PRESENCIAL;FACULDADES
2009;PÚBLICA;MUNICIPAL;3;39;39;-;PRESENCIAL;UNIVERSIDADES
2009;PÚBLICA;MUNICIPAL;3;102;0;-;PRESENCIAL;FACULDADES
2009;PÚBLICA;MUNICIPAL;3;45883;7128;BACHARELADO;PRESENCIAL;UNIVERSIDADES
2009;PÚBLICA;MUNICIPAL;3;11012;1818;BACHARELADO;PRESENCIAL;CENTROS UNIVERSITÁRIOS
2009;PÚBLICA;MUNICIPAL;3;30261;4828;BACHARELADO;PRESENCIAL;FACULDADES
2009;PÚBLICA;MUNICIPAL;3;6237;1132;LICENCIATURA;PRESENCIAL;UNIVERSIDADES
2009;PÚBLICA;MUNICIPAL;3;1571;375;LICENCIATURA;PRESENCIAL;CENTROS UNIVERSITÁRIOS
2009;PÚBLICA;MUNICIPAL;3;17021;3743;LICENCIATURA;PRESENCIAL;FACULDADES
2009;PÚBLICA;MUNICIPAL;3;32;0;LICENCIATURA;CURSO A DISTÂNCIA;UNIVERSIDADES
2009;PÚBLICA;MUNICIPAL;3;2612;545;TECNOLÓGICO;PRESENCIAL;UNIVERSIDADES
2009;PÚBLICA;MUNICIPAL;3;265;35;TECNOLÓGICO;PRESENCIAL;CENTROS UNIVERSITÁRIOS
2009;PÚBLICA;MUNICIPAL;3;565;70;TECNOLÓGICO;PRESENCIAL;FACULDADES
2009;PÚBLICA;MUNICIPAL;3;55;0;TECNOLÓGICO;CURSO A DISTÂNCIA;UNIVERSIDADES
2009;PÚBLICA;MUNICIPAL;3;2127;475;BACHARELADO E LICENCIATURA;PRESENCIAL;UNIVERSIDADES
2009;PÚBLICA;MUNICIPAL;3;132;37;BACHARELADO E LICENCIATURA;PRESENCIAL;CENTROS UNIVERSITÁRIOS
2009;PÚBLICA;MUNICIPAL;3;490;132;BACHARELADO E LICENCIATURA;PRESENCIAL;FACULDADES
2009;PRIVADA;PRIVADA;4;11928;3620;-;PRESENCIAL;UNIVERSIDADES
2009;PRIVADA;PRIVADA;4;5936;2127;-;PRESENCIAL;CENTROS UNIVERSITÁRIOS
2009;PRIVADA;PRIVADA;4;11825;2118;-;PRESENCIAL;FACULDADES
2009;PRIVADA;PRIVADA;4;837;39;-;CURSO A DISTÂNCIA;UNIVERSIDADES
2009;PRIVADA;PRIVADA;4;1147559;172106;BACHARELADO;PRESENCIAL;UNIVERSIDADES
2009;PRIVADA;PRIVADA;4;522732;91798;BACHARELADO;PRESENCIAL;CENTROS UNIVERSITÁRIOS
2009;PRIVADA;PRIVADA;4;1171912;162825;BACHARELADO;PRESENCIAL;FACULDADES
2009;PRIVADA;PRIVADA;4;130050;2435;BACHARELADO;CURSO A DISTÂNCIA;UNIVERSIDADES
2009;PRIVADA;PRIVADA;4;11975;186;BACHARELADO;CURSO A DISTÂNCIA;CENTROS UNIVERSITÁRIOS
2009;PRIVADA;PRIVADA;4;16293;1075;BACHARELADO;CURSO A DISTÂNCIA;FACULDADES
2009;PRIVADA;PRIVADA;4;145088;37528;LICENCIATURA;PRESENCIAL;UNIVERSIDADES
2009;PRIVADA;PRIVADA;4;72003;19842;LICENCIATURA;PRESENCIAL;CENTROS UNIVERSITÁRIOS
2009;PRIVADA;PRIVADA;4;193333;41640;LICENCIATURA;PRESENCIAL;FACULDADES
2009;PRIVADA;PRIVADA;4;198937;49814;LICENCIATURA;CURSO A DISTÂNCIA;UNIVERSIDADES
2009;PRIVADA;PRIVADA;4;46748;13530;LICENCIATURA;CURSO A DISTÂNCIA;CENTROS UNIVERSITÁRIOS
2009;PRIVADA;PRIVADA;4;76886;13391;LICENCIATURA;CURSO A DISTÂNCIA;FACULDADES
2009;PRIVADA;PRIVADA;4;162211;40486;TECNOLÓGICO;PRESENCIAL;UNIVERSIDADES
2009;PRIVADA;PRIVADA;4;80955;19317;TECNOLÓGICO;PRESENCIAL;CENTROS UNIVERSITÁRIOS
2009;PRIVADA;PRIVADA;4;158719;31373;TECNOLÓGICO;PRESENCIAL;FACULDADES
2009;PRIVADA;PRIVADA;4;95170;15272;TECNOLÓGICO;CURSO A DISTÂNCIA;UNIVERSIDADES
2009;PRIVADA;PRIVADA;4;24982;5793;TECNOLÓGICO;CURSO A DISTÂNCIA;CENTROS UNIVERSITÁRIOS
2009;PRIVADA;PRIVADA;4;56752;10512;TECNOLÓGICO;CURSO A DISTÂNCIA;FACULDADES
2009;PRIVADA;PRIVADA;4;70266;13873;BACHARELADO E LICENCIATURA;PRESENCIAL;UNIVERSIDADES
2009;PRIVADA;PRIVADA;4;21789;5002;BACHARELADO E LICENCIATURA;PRESENCIAL;CENTROS UNIVERSITÁRIOS
2009;PRIVADA;PRIVADA;4;18161;3334;BACHARELADO E LICENCIATURA;PRESENCIAL;FACULDADES
2009;PRIVADA;PRIVADA;4;7636;1188;BACHARELADO E LICENCIATURA;CURSO A DISTÂNCIA;UNIVERSIDADES